<?xml version="1.0"?>
<!--Created by Custom Compiler (TM), build , on Thu Oct  8 17:04:40 2020-->
<file-format name="stateCategory" version="1.0">
 <object name="models" version="1" type="saModelSetup">
  <attribute name="includeGlobal" value="1" type="giBoolean"/>
  <attribute name="includePath" value="$SAED90_PDK/hspice" type="giString"/>
  <collection name="modelFiles">
   <object name="modelFiles" version="1" type="saModelFile">
    <attribute name="enabled" value="1" type="giBoolean"/>
    <attribute name="filename" value="SAED90nm.lib" type="giString"/>
    <attribute name="section" value="TT_12" type="giString"/>
   </object>
  </collection>
  <collection name="modelGroupDefs"/>
  <collection name="modelGroups"/>
 </object>
</file-format>
