<?xml version="1.0"?>
<!--Created by Custom Compiler (TM), build , on Thu Oct  8 17:04:40 2020-->
<file-format name="stateCategory" version="1.0">
 <object name="outputs" version="1" type="saOutputs">
  <collection name="customPlotModes"/>
  <attribute name="importMeasures" value="1" type="giBoolean"/>
  <attribute name="outputSet" value="default" type="giString"/>
  <collection name="outputSets">
   <object name="outputSets" version="1" type="saOutputSet">
    <collection name="histogramCharts"/>
    <attribute name="name" value="default" type="giString"/>
    <collection name="outputs">
     <object name="outputs" version="1" type="saOutput">
      <attribute name="analyses" value="dc" type="giString"/>
      <attribute name="description" value="" type="giString"/>
      <attribute name="expr" value="v(/Vout)" type="giString"/>
      <attribute name="goalExpression" value=" None " type="giString"/>
      <attribute name="hasSpec" value="0" type="giBoolean"/>
      <attribute name="imageTitle" value="%e %c %s %m %t" type="giString"/>
      <attribute name="name" value="" type="giString"/>
      <attribute name="outputType" value="net" type="enOutputType"/>
      <attribute name="plot" value="1" type="giBoolean"/>
      <attribute name="plotType" value="auto" type="enGraphType"/>
      <attribute name="precision" value="6" type="giInt"/>
      <attribute name="probe" value="plotpacket0" type="giString"/>
      <attribute name="resultsViewer" value="1" type="giBoolean"/>
      <attribute name="save" value="1" type="giBoolean"/>
      <attribute name="saveImage" value="0" type="giBoolean"/>
      <collection name="specs">
       <object name="specs" version="1" type="saSpecification">
        <attribute name="analysis" value="" type="giString"/>
        <attribute name="enabled" value="1" type="giBoolean"/>
        <attribute name="extGoalType" value="Greater Than" type="enGoalType"/>
        <attribute name="goal" value="" type="giString"/>
        <attribute name="goalHigh" value="" type="giString"/>
        <attribute name="goalLow" value="" type="giString"/>
        <attribute name="goalType" value="Greater Than" type="enGoalType"/>
        <attribute name="poor" value="0%" type="giString"/>
        <attribute name="poorHigh" value="0%" type="giString"/>
        <attribute name="poorLow" value="0%" type="giString"/>
       </object>
      </collection>
      <attribute name="suffix" value="" type="giString"/>
      <attribute name="units" value="" type="giString"/>
     </object>
     <object name="outputs" version="1" type="saOutput">
      <attribute name="analyses" value="dc" type="giString"/>
      <attribute name="description" value="" type="giString"/>
      <attribute name="expr" value="v(/Vin)" type="giString"/>
      <attribute name="goalExpression" value=" None " type="giString"/>
      <attribute name="hasSpec" value="0" type="giBoolean"/>
      <attribute name="imageTitle" value="%e %c %s %m %t" type="giString"/>
      <attribute name="name" value="" type="giString"/>
      <attribute name="outputType" value="net" type="enOutputType"/>
      <attribute name="plot" value="1" type="giBoolean"/>
      <attribute name="plotType" value="auto" type="enGraphType"/>
      <attribute name="precision" value="6" type="giInt"/>
      <attribute name="probe" value="plotpacket1" type="giString"/>
      <attribute name="resultsViewer" value="0" type="giBoolean"/>
      <attribute name="save" value="1" type="giBoolean"/>
      <attribute name="saveImage" value="0" type="giBoolean"/>
      <collection name="specs">
       <object name="specs" version="1" type="saSpecification">
        <attribute name="analysis" value="" type="giString"/>
        <attribute name="enabled" value="1" type="giBoolean"/>
        <attribute name="extGoalType" value="Greater Than" type="enGoalType"/>
        <attribute name="goal" value="" type="giString"/>
        <attribute name="goalHigh" value="" type="giString"/>
        <attribute name="goalLow" value="" type="giString"/>
        <attribute name="goalType" value="Greater Than" type="enGoalType"/>
        <attribute name="poor" value="0%" type="giString"/>
        <attribute name="poorHigh" value="0%" type="giString"/>
        <attribute name="poorLow" value="0%" type="giString"/>
       </object>
      </collection>
      <attribute name="suffix" value="" type="giString"/>
      <attribute name="units" value="" type="giString"/>
     </object>
    </collection>
    <collection name="qqCharts"/>
    <attribute name="reductionString" value="" type="giString"/>
    <collection name="scatterCharts"/>
   </object>
  </collection>
  <attribute name="plotMode" value="replace" type="giString"/>
 </object>
</file-format>
