<?xml version='1.0'?>
<!--Created by Custom Compiler (TM), build , on Thu Oct  8 17:04:40 2020-->
<file-format version="1.0" name="stateData">
 <attribute type="giString" value="" name="description"/>
 <attribute type="dmCellView" value="Inverter/testbench_CMOS/schematic" name="design"/>
 <attribute type="giBoolean" value="1" name="enabled"/>
 <attribute type="giString" value="HSPICE_default" name="name"/>
 <attribute type="dmCellView" value="Inverter/testbench_CMOS/HSPICE_default" name="openaccessState"/>
 <attribute type="giString" value="HSPICE" name="simulator"/>
 <comment/>
 <resultsDir>~/simulation</resultsDir>
 <integration version="1"/>
</file-format>
